{
  "total_images": 8,
  "total_detections": 228,
  "images_with_detections": 4,
  "detection_details": [
    {
      "image_name": "trial1.jpg",
      "detections": 58,
      "confidences": [
        0.7134320139884949,
        0.6850859522819519,
        0.6663569211959839,
        0.6662085056304932,
        0.6368793845176697,
        0.6195778846740723,
        0.6167885661125183,
        0.5958730578422546,
        0.5805706977844238,
        0.5578423738479614,
        0.5548888444900513,
        0.5427013039588928,
        0.535495936870575,
        0.5184727311134338,
        0.5016911625862122,
        0.49652209877967834,
        0.4912545680999756,
        0.4908076822757721,
        0.4865258038043976,
        0.47844818234443665,
        0.4758633077144623,
        0.47500869631767273,
        0.46333572268486023,
        0.42686206102371216,
        0.4212808310985565,
        0.41975948214530945,
        0.4020247459411621,
        0.3905327320098877,
        0.3862309753894806,
        0.38597017526626587,
        0.3841516673564911,
        0.3821289539337158,
        0.3521404564380646,
        0.3383106291294098,
        0.3368314504623413,
        0.33435875177383423,
        0.3321197032928467,
        0.3283531367778778,
        0.32336539030075073,
        0.32332050800323486,
        0.3187420666217804,
        0.31550708413124084,
        0.3023180067539215,
        0.29545286297798157,
        0.2933121919631958,
        0.28989148139953613,
        0.2885475754737854,
        0.2805296778678894,
        0.2804795205593109,
        0.2795383632183075,
        0.2767338156700134,
        0.26874840259552,
        0.2654454708099365,
        0.25893667340278625,
        0.2574619650840759,
        0.2573787569999695,
        0.25491076707839966,
        0.2526777982711792
      ]
    },
    {
      "image_name": "trial2.jpg",
      "detections": 56,
      "confidences": [
        0.8128011226654053,
        0.7061251997947693,
        0.6773942112922668,
        0.6393380761146545,
        0.6290122270584106,
        0.6282987594604492,
        0.6260103583335876,
        0.6186425685882568,
        0.6078818440437317,
        0.589564859867096,
        0.5565744042396545,
        0.5325624942779541,
        0.5283122062683105,
        0.5262120962142944,
        0.5187854170799255,
        0.4983151853084564,
        0.49447405338287354,
        0.48816558718681335,
        0.4716043770313263,
        0.46175622940063477,
        0.45236438512802124,
        0.4494299292564392,
        0.4460636079311371,
        0.4457193613052368,
        0.44068971276283264,
        0.38977551460266113,
        0.3847295641899109,
        0.3717045187950134,
        0.3698313236236572,
        0.36302489042282104,
        0.360628604888916,
        0.3596518635749817,
        0.3589669466018677,
        0.35582733154296875,
        0.3542363941669464,
        0.3475365936756134,
        0.34632304310798645,
        0.3431098759174347,
        0.3368377685546875,
        0.3360978364944458,
        0.3267332911491394,
        0.3146991431713104,
        0.31361332535743713,
        0.3126802444458008,
        0.30531537532806396,
        0.28869831562042236,
        0.286482572555542,
        0.28125154972076416,
        0.2782612442970276,
        0.26938948035240173,
        0.2629022002220154,
        0.2623448967933655,
        0.25909557938575745,
        0.258919894695282,
        0.25498777627944946,
        0.25327083468437195
      ]
    },
    {
      "image_name": "trialv1.jpg",
      "detections": 0,
      "confidences": []
    },
    {
      "image_name": "trialv2.jpg",
      "detections": 0,
      "confidences": []
    },
    {
      "image_name": "trial1.jpg",
      "detections": 58,
      "confidences": [
        0.7134320139884949,
        0.6850859522819519,
        0.6663569211959839,
        0.6662085056304932,
        0.6368793845176697,
        0.6195778846740723,
        0.6167885661125183,
        0.5958730578422546,
        0.5805706977844238,
        0.5578423738479614,
        0.5548888444900513,
        0.5427013039588928,
        0.535495936870575,
        0.5184727311134338,
        0.5016911625862122,
        0.49652209877967834,
        0.4912545680999756,
        0.4908076822757721,
        0.4865258038043976,
        0.47844818234443665,
        0.4758633077144623,
        0.47500869631767273,
        0.46333572268486023,
        0.42686206102371216,
        0.4212808310985565,
        0.41975948214530945,
        0.4020247459411621,
        0.3905327320098877,
        0.3862309753894806,
        0.38597017526626587,
        0.3841516673564911,
        0.3821289539337158,
        0.3521404564380646,
        0.3383106291294098,
        0.3368314504623413,
        0.33435875177383423,
        0.3321197032928467,
        0.3283531367778778,
        0.32336539030075073,
        0.32332050800323486,
        0.3187420666217804,
        0.31550708413124084,
        0.3023180067539215,
        0.29545286297798157,
        0.2933121919631958,
        0.28989148139953613,
        0.2885475754737854,
        0.2805296778678894,
        0.2804795205593109,
        0.2795383632183075,
        0.2767338156700134,
        0.26874840259552,
        0.2654454708099365,
        0.25893667340278625,
        0.2574619650840759,
        0.2573787569999695,
        0.25491076707839966,
        0.2526777982711792
      ]
    },
    {
      "image_name": "trial2.jpg",
      "detections": 56,
      "confidences": [
        0.8128011226654053,
        0.7061251997947693,
        0.6773942112922668,
        0.6393380761146545,
        0.6290122270584106,
        0.6282987594604492,
        0.6260103583335876,
        0.6186425685882568,
        0.6078818440437317,
        0.589564859867096,
        0.5565744042396545,
        0.5325624942779541,
        0.5283122062683105,
        0.5262120962142944,
        0.5187854170799255,
        0.4983151853084564,
        0.49447405338287354,
        0.48816558718681335,
        0.4716043770313263,
        0.46175622940063477,
        0.45236438512802124,
        0.4494299292564392,
        0.4460636079311371,
        0.4457193613052368,
        0.44068971276283264,
        0.38977551460266113,
        0.3847295641899109,
        0.3717045187950134,
        0.3698313236236572,
        0.36302489042282104,
        0.360628604888916,
        0.3596518635749817,
        0.3589669466018677,
        0.35582733154296875,
        0.3542363941669464,
        0.3475365936756134,
        0.34632304310798645,
        0.3431098759174347,
        0.3368377685546875,
        0.3360978364944458,
        0.3267332911491394,
        0.3146991431713104,
        0.31361332535743713,
        0.3126802444458008,
        0.30531537532806396,
        0.28869831562042236,
        0.286482572555542,
        0.28125154972076416,
        0.2782612442970276,
        0.26938948035240173,
        0.2629022002220154,
        0.2623448967933655,
        0.25909557938575745,
        0.258919894695282,
        0.25498777627944946,
        0.25327083468437195
      ]
    },
    {
      "image_name": "trialv1.jpg",
      "detections": 0,
      "confidences": []
    },
    {
      "image_name": "trialv2.jpg",
      "detections": 0,
      "confidences": []
    }
  ]
}